product,date,actual,predicted,abs_error,unit_price,strategic_logic
ButterCreamBread,2026-06-25,0,0,0,7.5,"The prediction of 0 waste was primarily based on the strong temperature and humidity match of the 2026-05-16 row (0 waste) and the weather match of the 2026-06-23 row (0 waste); CaryHigh_ Status did not show a clear correlation with waste, and BOGO deals in Shift_Notes were excluded as tomorrow has no such promotion."
ChestnutPanBread,2026-06-25,0,0,0,7.5,"The prediction is primarily driven by tracker rows 2026-05-16 (exact temperature match, NO_STUDENT_DAY, no BOGO, waste 0) and 2026-06-23 (exact weather description match, NO_STUDENT_DAY, no BOGO, waste 0); CaryHigh_ Status showed no consistent correlation with higher waste for this item on non-BOGO days; Shift_Notes indicating BOGO deals were discounted for tomorrow's forecast, and the high waste count of 2 on 2026-06-18 was down-weighted due to the specific ""Absolutely dead in terms of foot traffic"" note."
ChocoCreamDonut,2026-06-25,5,0,5,4.5,"The prediction was driven by tracker row 2026-05-16, which had a perfect temperature match (88/84 degrees Fahrenheit), 'NO_STUDENT_DAY' status, and no BOGO deals or adverse shift notes; CaryHigh_ Status showed no significant correlation with waste for this item when BOGO days were excluded; BOGO deals were discounted, and adverse Shift_Notes like ""Absolutely dead in terms of foot traffic"" or ""Light, sporadic rain"" on other high-waste days were considered absent for tomorrow, suggesting a lower waste outcome."
ChocoFilledCookie,2026-06-25,0,0,0,3.25,"The prediction was primarily driven by all six tracker rows (1, 3, 4, 17, 18, 20) matching tomorrow's 'NO_STUDENT_DAY' status and absence of BOGO deals, which consistently resulted in zero waste; 'CaryHigh_ Status' correlated strongly with zero waste for this item on all 'NO_STUDENT_DAY's without BOGO deals, and 'Shift_Notes' describing BOGO deals were discounted as tomorrow has no such promotion."
CreamCheeseTart,2026-06-25,13,0,13,3.5,"The prediction of 0 waste is primarily driven by multiple tracker rows matching tomorrow's NO_STUDENT_DAY status and similar weather conditions, especially 2026-05-16 (exact temperature match) which all showed 0 waste; NO_STUDENT_DAY consistently correlates with 0 waste for this item; and the 2026-06-13 row showing 6 waste was discounted as its BOGO deal for CreamCheeseTart artificially suppressed waste."
CurryCroquette,2026-06-25,0,0,0,3.5,"The prediction of 0 waste is primarily driven by rows 2026-05-16 (exact temperature match), 2026-06-18 (closest humidity), and 2026-06-23 (exact weather match), all of which showed 0 waste; CaryHigh_ Status as NO_STUDENT_DAY historically led to mixed waste outcomes for this item, and Shift_Notes indicating BOGO deals on croquettes were discounted as tomorrow has no such deal."
CustardCreamSoboro,2026-06-25,6,0,6,3.6,"The prediction of 0 waste is based on multiple `NO_STUDENT_DAY` tracker rows (e.g., 2026-05-16, 2026-06-18, 2026-06-23) that align with tomorrow's weather, temperature, and humidity, consistently showing 0 waste without BOGO deals; `NO_STUDENT_DAY` status significantly correlated with lower, often 0, waste for this item compared to 'OPEN' days, and the absence of BOGO deals for tomorrow meant prioritizing these direct comparisons over artificially suppressed BOGO waste counts."
JalapenoCheeseCroissant,2026-06-25,0,0,0,4.25,"The prediction of zero waste was driven by multiple 'NO_STUDENT_DAY' rows (2026-05-16, 2026-06-18, 2026-06-23) that closely matched tomorrow's temperature, humidity, or weather conditions without BOGO deals, as 'NO_STUDENT_DAY' did not consistently correlate with a specific waste pattern, and BOGO promotions were discounted since tomorrow has no deal."
KimchiCroquette,2026-06-25,0,19,19,3.5,"The prediction is primarily driven by the 2026-06-13 tracker row, which recorded 19 units wasted despite a BOGO deal on Kimchi Croquette under similar high temperature and humidity on a NO_STUDENT_DAY, indicating critically low underlying demand. The NO_STUDENT_DAY status correlates with all high waste occurrences for this item, and the absence of a BOGO deal tomorrow further supports a high waste estimate."
MangoCreamDonut,2026-06-25,0,0,0,4.5,"The prediction is based on the 2026-05-16 row, which offers an exact temperature match (88/84 degrees Fahrenheit), matching NO_STUDENT_DAY status, and absence of BOGO deal, alongside very similar weather (Scattered Clouds vs. Partly Sunny); CaryHigh_ Status showed consistently low waste (mostly 0) for this item on both NO_STUDENT_DAY and OPEN days without BOGO deals; Shift_Notes indicating BOGO deals were discounted for tomorrow's no-deal scenario, further reinforcing the prediction from non-BOGO days."
MilkCreamBread,2026-06-25,7,0,7,3.5,"The prediction is driven by two closest non-BOGO matches on NO_STUDENT_DAY: 2026-05-16 (exact temperature, close humidity, similar weather) and 2026-06-18 (very close humidity, similar weather), both showing 0 waste; CaryHigh_ Status showed no clear sensitivity for this item as both statuses had frequent 0 waste, and Shift_Notes indicating BOGO deals were discounted since tomorrow has no such promotion, redirecting focus to non-promotional results."
MontBlancPastry,2026-06-25,0,1,1,6.0,"The prediction is primarily driven by the 2026-06-23 shift, which matched tomorrow's 'Partly Sunny' weather, 'NO_STUDENT_DAY' status, and absence of BOGO deal, resulting in 1 waste; while 'NO_STUDENT_DAY' shifts generally correlated with slightly lower waste, the 2026-05-31 BOGO day also showed 1 waste under 'Partly Sunny' and 'NO_STUDENT_DAY' conditions, implying similar or higher waste without the deal."
MorningBread,2026-06-25,0,0,0,6.75,"The prediction of 0 is primarily driven by the closest historical match (2026-05-16), which shared exact temperature (88/84), similar weather (Scattered Clouds vs Partly Sunny), and the same NO_STUDENT_DAY status as tomorrow. CaryHigh_ Status for NO_STUDENT_DAY showed varied waste counts, but the instances of non-zero waste were consistently noted in Shift_Notes as ""Absolutely dead in terms of foot traffic,"" a condition not indicated for tomorrow, and all BOGO deal rows were discounted."
PlusMilkRoll,2026-06-25,1,0,1,6.5,"The prediction is driven by rows 2026-05-16 and 2026-06-23, which most closely matched tomorrow's temperature, weather, and 'NO_STUDENT_DAY' status without BOGO deals, both consistently showing zero waste; 'CaryHigh_ Status' correlated with zero waste for this item on all 'NO_STUDENT_DAY' entries without BOGO, and 'Shift_Notes' indicating BOGO deals were discounted as they artificially suppress waste and are absent tomorrow."
RedBeanBread,2026-06-25,0,8,8,3.25,"The prediction was primarily driven by the 2026-05-16 tracker row which perfectly matched tomorrow's temperature (88/84 F) and CaryHigh_ Status (NO_STUDENT_DAY), with similar weather and no BOGO deal; CaryHigh_ Status showed no consistent correlation with waste for this highly unpredictable item; Shift_Notes indicating BOGO deals were discounted as they artificially suppress waste, and ""dead traffic"" notes did not provide a reliable pattern."
RedBeanMilkCreamBread,2026-06-25,8,0,8,3.5,"The prediction is based on multiple NO_STUDENT_DAY entries without BOGO deals that closely match tomorrow's temperature, humidity, and weather, all showing 0 waste for RedBeanMilkCreamBread; the school status 'NO_STUDENT_DAY' correlated with 0 waste when no BOGO deal was present; and BOGO deals were discounted as tomorrow has no such promotion."
StrawberryCreamCroissant,2026-06-25,7,0,7,5.55,"The prediction of zero is primarily driven by the 2026-05-16 row, which shares an exact temperature match with tomorrow (88/84F) and similar contextual factors of NO_STUDENT_DAY and no BOGO deal, showing waste for this item had no significant correlation with CaryHigh_ Status in non-promotional scenarios, and all BOGO-affected shifts were discounted to optimize for accuracy given tomorrow's lack of a deal."
StrawberrySoftBread,2026-06-25,3,0,3,4.25,"The prediction was primarily driven by the 2026-05-16 tracker row, which closely matched tomorrow's exact temperature and `NO_STUDENT_DAY` status with similar humidity and weather, resulting in 0 waste; `NO_STUDENT_DAY` consistently correlated with low waste for this item, and the absence of BOGO deals tomorrow meant discounting historically low-waste BOGO rows."
TaroButterCreamBread,2026-06-25,0,0,0,7.5,"The prediction of 0 waste is driven by two highly contextual matching rows (2026-05-16 and 2026-06-23) that shared key environmental conditions (perfect temperature match or perfect weather match, respectively) and recorded 0 waste under a NO_STUDENT_DAY without BOGO deals; CaryHigh_ Status did not clearly correlate with waste; the outlier high waste on 2026-06-18 was discounted as its ""Absolutely dead in terms of foot traffic"" Shift_Note indicated conditions for unusually low demand not specified for tomorrow."
UbeCreamDonut,2026-06-25,0,0,0,4.5,"The prediction is driven primarily by tracker row 2026-05-16, which is an exact match for tomorrow's temperature (88/84), a close match for humidity (0.27 vs 0.46), and a similar weather description (Scattered Clouds vs Partly Sunny), all on a NO_STUDENT_DAY with no BOGO, resulting in 0 waste. Additional support comes from 2026-06-18, which has very similar humidity (0.51 vs 0.46) and also resulted in 0 waste on a NO_STUDENT_DAY without BOGO. CaryHigh_ Status for this item showed no consistent correlation with higher or lower waste, as both NO_STUDENT_DAY and OPEN days had frequent 0 waste counts. Shift_Notes were critical, as BOGO deal rows were discounted, and the absence of specific event notes in the most similar rows was weighted higher than rows with notes like ""Light, sporadic rain"" (2026-06-23) or ""Absolutely dead"" (2026-06-18), where waste was 5 and 0 respectively."
AlmondCroissant,2026-06-26,1,0,1,3.75,"The prediction is driven by multiple `NO_STUDENT_DAY` tracker rows without BOGO deals (specifically 2026-05-16, 2026-05-24, and 2026-06-18), which closely matched tomorrow's temperature, humidity, and weather conditions and consistently showed 0 waste; `NO_STUDENT_DAY`s generally correlated with lower waste for this item compared to `OPEN` days; and rows with BOGO deals were discounted as tomorrow has no such deal, while ""Absolutely dead"" traffic notes did not consistently lead to higher waste."
ButterCreamBread,2026-06-26,0,0,0,7.5,"The prediction of 0 is primarily based on tracker row 2026-05-16, which most closely matched tomorrow's conditions with very similar temperatures (88/84 F vs. tomorrow's 86/82 F) and an absence of specific shift notes, aligning with tomorrow's implied lack of unusual events. CaryHigh_ Status did not show a clear correlation with waste for this item, as waste was generally low regardless of school status. Shift_Notes were crucial in discounting rows with BOGO deals and specific events like ""absolutely dead in terms of foot traffic,"" ensuring the closest comparable context for tomorrow's forecast."
ChestnutPanBread,2026-06-26,0,2,2,7.5,"The prediction is driven by row 2026-06-18, which most closely matches tomorrow's humidity and general weather, as CaryHigh_ Status did not show a clear waste correlation among non-BOGO days, and Shift_Notes with BOGO deals were discounted to ensure accuracy for tomorrow's non-promotional pricing."
ChocoCreamDonut,2026-06-26,0,0,0,4.5,"The prediction is primarily driven by the 2026-05-16 row, which featured similar high temperatures and no specific negative shift notes, resulting in 0 waste. CaryHigh_ Status did not show a clear, consistent correlation with waste for this item. Shift_Notes explaining waste (e.g., ""Absolutely dead in terms of foot traffic"" on 2026-06-18 or ""Light, sporadic rain"" on 2026-06-23) were considered but discounted as these specific negative conditions are not present for tomorrow, supporting a lower waste estimate."
ChocoFilledCookie,2026-06-26,0,0,0,3.25,"The prediction is driven by the consistent 0 waste count observed on all 'NO_STUDENT_DAY' rows without BOGO deals, aligning directly with tomorrow's conditions, suggesting CaryHigh_Status strongly correlates with zero waste for this item during school breaks, and Shift_Notes with BOGO deals were discounted as they artificially suppressed waste and are not applicable tomorrow."
CreamCheeseTart,2026-06-26,9,0,9,3.5,"The prediction of 0 waste is driven by the consistent pattern observed in `NO_STUDENT_DAY` tracker entries where CreamCheeseTart was not on a BOGO deal, particularly row 2026-05-30 due to its very close temperature match (86/84 vs tomorrow's 86/82) and rows 2026-05-24, 2026-06-18, 2026-06-23 due to close humidity matches. The `CaryHigh_ Status` showing `NO_STUDENT_DAY` correlated overwhelmingly with 0 waste for this item when no specific BOGO was applied to it, and `Shift_Notes` detailing BOGO deals specifically for CreamCheeseTart (2026-06-13, 2026-06-25) were discounted as instructed since tomorrow has no such deal."
CurryCroquette,2026-06-26,0,0,0,3.5,"The prediction is driven by all six historical `NO_STUDENT_DAY` shifts without any BOGO deals, including 2026-05-16 (similar temperature) and 2026-06-18 (similar humidity), which all consistently resulted in a 0 waste count for CurryCroquette. CaryHigh_ Status correlated with waste as `NO_STUDENT_DAY` shifts without BOGO always had 0 waste, whereas `REGULAR_SCHOOL_DAY` shifts without BOGO sometimes had 1 waste. All tracker rows with BOGO deals were discounted as tomorrow has no deal, preventing artificially suppressed or deflected waste counts from influencing the estimate."
JalapenoCheeseCroissant,2026-06-26,9,0,9,4.25,"The prediction is driven by the 2026-06-18 tracker entry, which closely matched tomorrow's NO_STUDENT_DAY status, comparable humidity (0.51 vs 0.6), and weather, resulting in zero waste; CaryHigh_ Status demonstrated no consistent correlation with waste for this item, and BOGO deals were discounted as tomorrow has no such promotion."
MangoCreamDonut,2026-06-26,0,0,0,4.5,"The prediction of 0 waste is primarily driven by tracker rows 2026-05-16 (88/84F, 0.27 humidity, Scattered Clouds) and 2026-06-18 (97/81F, 0.51 humidity, Broken Clouds), which closely match tomorrow's temperature, humidity, and weather conditions on NO_STUDENT_DAYs without BOGO deals, both recording 0 waste; CaryHigh_ Status showed no clear correlation with waste for this item, as waste was predominantly zero on both regular school days and no-student days, while Shift_Notes indicating BOGO deals were discounted, and the single non-zero waste on a non-BOGO day (2026-06-23, waste 1) was discounted due to light rain, which is not expected tomorrow."
MilkCreamBread,2026-06-26,2,0,2,3.5,"The prediction is driven by nine `NO_STUDENT_DAY` tracker rows (e.g., 2026-05-16, 2026-06-18) that showed 0 waste for MilkCreamBread when no specific BOGO deal was active for this item. `CaryHigh_ Status` correlated with 0 waste on `NO_STUDENT_DAY`s without a MilkCreamBread BOGO, indicating lower leftover counts compared to `REGULAR_SCHOOL_DAY`s which sometimes showed non-zero waste. `Shift_Notes` with MilkCreamBread BOGO deals were discounted as tomorrow has no such deal, so those artificially suppressed waste counts are not indicative of typical conditions."
MontBlancPastry,2026-06-26,0,1,1,6.0,"The prediction is driven by the 2026-05-30 row for its exact temperature match (86/84), inferring 1 leftover by discounting its BOGO deal which artificially suppresses waste; additionally, while 'NO_STUDENT_DAY' status generally correlates with low waste, the single non-BOGO instance of non-zero waste was 1, and tomorrow has no specific ""dead traffic"" Shift_Notes to guarantee zero waste."
MorningBread,2026-06-26,0,1,1,6.75,"The prediction is primarily driven by tracker rows 2026-06-17 (waste 1) and 2026-06-18 (waste 2), which were both NO_STUDENT_DAYs with no BOGO deals and explicitly noted ""Absolutely dead in terms of foot traffic"" or Traffic_Density 1. CaryHigh_ Status as NO_STUDENT_DAY correlates with higher waste for this item, as all non-BOGO waste occurred on these days. Shift_Notes indicated that ""Absolutely dead in terms of foot traffic"" significantly increased leftovers, and tomorrow's lack of BOGO combined with high humidity suggests a risk of similar slow traffic."
PlusMilkRoll,2026-06-26,0,0,0,6.5,"The prediction was driven by all NO_STUDENT_DAY entries without BOGO deals (e.g., 2026-05-16, 2026-06-18), which consistently showed 0 waste despite varying conditions; CaryHigh_ Status correlated with zero waste for this item on non-school days, and BOGO deals in Shift_Notes were discounted as they artificially suppress waste."
RedBeanBread,2026-06-26,3,8,5,3.25,"The prediction was driven primarily by the 2026-05-16 shift which closely matched tomorrow's temperature, weather, and NO_STUDENT_DAY status with neutral shift notes; CaryHigh_ Status showed no consistent correlation with waste for this unpredictable item, and Shift_Notes indicating BOGO deals were discounted, while specific extreme conditions like ""absolutely dead traffic"" were considered less representative."
RedBeanMilkCreamBread,2026-06-26,4,8,4,3.5,"The prediction heavily weighted row 2026-06-25 due to its close environmental match and 'NO_STUDENT_DAY' status; 'NO_STUDENT_DAY' generally shows higher potential waste for this item, and the BOGO deal noted on 2026-06-25 resulting in 8 waste units indicates naturally low demand, suggesting at least 8 units of waste tomorrow without a deal."
StrawberryCreamCroissant,2026-06-26,0,7,7,5.55,"The prediction primarily considers row 2026-06-25, which had an excellent temperature match (88/84 vs 86/82), a good humidity match (0.46 vs 0.6), and a matching NO_STUDENT_DAY status; all non-zero waste for this item occurred on NO_STUDENT_DAYs, highlighting its sensitivity to this status; the BOGO deal on other items in the Shift_Notes for 2026-06-25 suggests its recorded waste of 7 was potentially suppressed, implying tomorrow's waste without a BOGO deal could be at least 7 or higher."
StrawberrySoftBread,2026-06-26,0,3,3,4.25,"The prediction is primarily driven by tracker row 2026-06-25, which had very similar temperature (88/84F vs tomorrow's 86/82F), comparable humidity (0.46 vs tomorrow's 0.6), and similar weather (""Partly Sunny"" vs ""Mostly clear"") on a NO_STUDENT_DAY. The 'NO_STUDENT_DAY' status shows no clear strong correlation with exceptionally low waste for this item; waste varied on such days. The BOGO deal in the Shift_Notes for 2026-06-25 indicates that its 3 units of waste were artificially suppressed, implying that without a BOGO deal tomorrow, the waste count would be at least 3, if not higher, under similar conditions."
TaroButterCreamBread,2026-06-26,0,6,6,7.5,"The prediction is primarily driven by the 2026-06-18 row, which closely matches tomorrow's NO_STUDENT_DAY status and high humidity without any BOGO deals; CaryHigh_ Status correlated with high waste (6) only under specific high humidity and low traffic conditions, while Shift_Notes indicating ""Absolutely dead in terms of foot traffic"" on 2026-06-18 strongly supported the high waste estimate in the absence of a BOGO deal."
KimchiCroquette,2026-06-26,0,2,2,3.5,"The prediction is driven by NO_STUDENT_DAY rows, noting this status's potential for non-zero waste, and discounted BOGO rows; specific temperatures and humidity levels similar to 2026-06-23 (Waste 2) and 2026-05-16 (Waste 0) were prioritized over 'dead traffic' scenarios from shift notes not anticipated tomorrow."
UbeCreamDonut,2026-06-26,1,2,1,4.5,"The prediction weighted the 2026-05-26 row most heavily due to its very close temperature and humidity match and ""super slow day"" note (a proxy for low demand on a NO_STUDENT_DAY), while also considering the 2026-05-16 row (similar temperature and NO_STUDENT_DAY status, but lower humidity); CaryHigh_ Status for NO_STUDENT_DAY correlated with higher variability and the peak waste counts, indicating potential for increased leftovers without school-day traffic; and Shift_Notes were crucial in discounting rows with BOGO deals, which artificially suppressed waste not expected tomorrow."
ButterCreamBread,2026-06-27,0,1,1,7.5,"The prediction of 1 leftover is primarily driven by 2026-06-18, which presented the closest match in terms of 'Broken Clouds' weather, similar high temperatures (especially the identical low of 81°F), and the absence of BOGO deals on a 'NO_STUDENT_DAY', reflecting a scenario where waste occurred under comparable conditions without a specific demand boost. CaryHigh_ Status showed no strong, consistent correlation with waste for this item; instead, 'Shift_Notes' detailing BOGO deals (which typically suppress waste but sometimes showed high waste for this unpredictable item) and specific demand drivers (like ""Day before Memorial Day"" leading to 0 waste, or ""Absolutely dead"" leading to 1 waste) significantly influenced the assessment of demand patterns."
ChestnutPanBread,2026-06-27,0,2,2,7.5,"The prediction of 2 is primarily driven by the 2026-06-18 row, as it best matched tomorrow's hot temperature profile (97/81 vs 91/81), 'Broken Clouds' weather, and 'NO_STUDENT_DAY' status without a BOGO deal; waste occurs on both school statuses, and BOGO rows were discounted."
ChocoCreamDonut,2026-06-27,0,1,1,4.5,"The prediction heavily weighted two non-BOGO, NO_STUDENT_DAY rows that closely matched tomorrow's broken cloud weather and either humidity (0.72 waste 0) or low temperature (81F waste 2), resulting in an average of 1, as CaryHigh_Status did not strongly correlate with waste for this item, and specific traffic notes from Shift_Notes could not be definitively applied to tomorrow."
ChocoFilledCookie,2026-06-27,4,0,4,3.25,"The prediction is driven by all 13 NO_STUDENT_DAY rows in the tracker, as ChocoFilledCookie waste was consistently 0 on every NO_STUDENT_DAY, which strongly correlates with zero leftovers for this item. Shift_Notes, including BOGO deals, did not affect the estimate as all NO_STUDENT_DAYs already showed 0 waste, making the BOGO effect irrelevant for these specific days."
CreamCheeseGarlicBread,2026-06-27,0,0,0,5.5,"The prediction of 0 waste is driven by the consistent pattern in all six 'NO_STUDENT_DAY' tracker rows without BOGO deals (2026-05-16, 05-23, 05-24, 06-17, 06-18, 06-23), where CreamCheeseGarlicBread_Waste_Count was uniformly 0; 'NO_STUDENT_DAY' strongly correlated with zero waste when no BOGO deal was active, contrasting with a non-zero waste instance on an 'OPEN' day; and Shift_Notes were analyzed to discount BOGO-affected rows, reinforcing the 0-waste pattern for tomorrow's conditions."
CreamCheeseTart,2026-06-27,13,0,13,3.5,"The prediction is driven by the consistent zero waste on all 'NO_STUDENT_DAY' shifts when 'CreamCheeseTart' was not part of a BOGO deal, specifically weighted by the close matches of 2026-05-24 and 2026-06-18 which shared 'Broken Clouds' weather, similar temperatures/humidity, and 'NO_STUDENT_DAY' status. CaryHigh_Status showed no clear sensitivity for this item as waste was consistently zero across both school statuses when no BOGO was present for CreamCheeseTart. BOGO deals involving 'CreamCheeseTart' resulted in high waste counts (6, 9, 13) but were discounted from the forecast as tomorrow has no such deal, aligning with the pattern of zero waste on non-BOGO days."
CurryCroquette,2026-06-27,0,0,0,3.5,"The prediction is based on tracker rows 2026-05-24 and 2026-06-18, which closely match tomorrow's ""Broken Clouds"" weather, high temperatures, and humidity on a NO_STUDENT_DAY. On NO_STUDENT_DAYs without BOGO deals, Curry Croquette waste consistently showed 0, indicating lower demand or better management. All rows with BOGO deals in Shift_Notes were discounted as tomorrow has no deal, following the instruction that BOGO deals artificially suppress waste."
JalapenoCheeseCroissant,2026-06-27,3,0,3,4.25,"The prediction of 0 is primarily driven by tracker rows 2026-05-24 and 2026-06-18, which most closely match tomorrow's 'Broken Clouds' weather, 'NO_STUDENT_DAY' school status, and similar temperature and humidity ranges, both resulting in 0 waste. No strong general correlation was found between CaryHigh_ Status and waste, as 'Shift_Notes' detailing traffic density appeared more influential; all BOGO deals were discounted as tomorrow has no such promotion."
KimchiCroquette,2026-06-27,13,19,6,3.5,"The prediction of 19 pieces is primarily driven by the 2026-06-13 entry, which recorded 19 waste counts on a NO_STUDENT_DAY with 'Broken Clouds' weather, despite having a BOGO deal specifically on Kimchi Croquette. This extreme waste, even with a promotion, indicates exceptionally low underlying demand for the item on a non-school day, implying that without a BOGO deal, waste could be at least as high or higher. CaryHigh_ Status (NO_STUDENT_DAY) generally correlates with higher average waste for this item. The Shift_Notes from 06-13 (a BOGO deal failing to suppress waste) significantly influenced this high estimate for a day without a deal."
MangoCreamDonut,2026-06-27,0,0,0,4.5,"The prediction of zero waste is driven by the close matches of tracker rows 2026-06-18 and 2026-05-24, both aligning with tomorrow's 'Broken Clouds' weather and 'NO_STUDENT_DAY' status, and both resulting in zero waste. CaryHigh_ Status showed no significant correlation with waste for this item, as both 'NO_STUDENT_DAY' and 'OPEN' days without BOGO deals predominantly had zero waste. Shift_Notes detailing BOGO deals were discounted as they artificially suppress waste, ensuring the prediction reflects a standard sales day."
MilkCreamBread,2026-06-27,0,0,0,3.5,"The prediction is driven by days 2026-05-24 and 2026-06-18, which most closely match tomorrow's weather (Broken Clouds), school status (NO_STUDENT_DAY), and had no MilkCreamBread BOGO. CaryHigh_ Status showed that NO_STUDENT_DAYs can have highly variable waste, but under tomorrow's high humidity (0.69), similar historical days consistently resulted in zero waste. Shift_Notes with MilkCreamBread BOGO deals were discounted as instructed, reinforcing reliance on non-deal data for tomorrow's no-deal scenario."
MontBlancPastry,2026-06-27,0,0,0,6.0,"The prediction was primarily driven by tracker rows 2026-05-24 and 2026-06-18, which closely match tomorrow's ""Broken Clouds"" weather and ""NO_STUDENT_DAY"" status with no BOGO deals, both resulting in 0 waste. 'NO_STUDENT_DAY' status generally correlated with low MontBlancPastry waste when BOGO deals were absent, and Shift_Notes indicating BOGO offers were discounted as tomorrow has no special deals."
MorningBread,2026-06-27,0,2,2,6.75,"The prediction is primarily based on tracker row 2026-06-18 due to its strong matches in weather (Broken Clouds), school status (NO_STUDENT_DAY), and similar hot temperature profile; CaryHigh_ Status showed no clear correlation with waste for this item, while ""Absolutely dead in terms of foot traffic"" in Shift_Notes for non-BOGO days consistently led to non-zero waste counts."
PlusMilkRoll,2026-06-27,0,0,0,6.5,"The prediction of 0 waste is primarily driven by rows 2026-05-24 and 2026-06-18 due to their close matches in weather, temperature, and humidity for a NO_STUDENT_DAY; historically, all NO_STUDENT_DAY shifts without BOGO deals resulted in 0 waste for this item."
RedBeanBread,2026-06-27,0,0,0,3.25,"The prediction relies on strong matches from 2026-05-24 and 2026-06-18, both NO_STUDENT_DAY shifts with 'Broken Clouds' weather and similar temperature/humidity resulting in zero waste; while waste for this item shows general unpredictability across CaryHigh_ Statuses, these specific conditions indicate minimal leftovers, and tomorrow's lack of BOGO means no artificial waste suppression to consider."
RedBeanMilkCreamBread,2026-06-27,9,0,9,3.5,"The prediction of zero waste was primarily driven by the row from 2026-05-24, which featured a strong match in weather (Broken Clouds) and humidity (0.72 vs tomorrow's 0.69) for a NO_STUDENT_DAY; other high-humidity, non-BOGO NO_STUDENT_DAY instances also consistently yielded zero waste. While CaryHigh_ Status showed no clear correlation, tomorrow's NO_STUDENT_DAY context was filtered, and BOGO deals on this item were discounted as tomorrow has no deal."
StrawberryCreamCroissant,2026-06-27,0,3,3,5.55,"The prediction of 3 was driven by weighting the 2026-06-25 row (7 waste with a BOGO deal and similar temperature to tomorrow) most heavily, interpreting the ""NO_STUDENT_DAY"" correlation with higher waste, and adjusting for no BOGO deal tomorrow, while balancing against 0 waste days (2026-05-24, 2026-06-18) that had extreme traffic notes not expected tomorrow."
StrawberrySoftBread,2026-06-27,0,0,0,4.25,"The prediction of 0 waste is primarily based on tracker rows 2026-05-24 and 2026-06-18, which closely match tomorrow's Broken Clouds weather, similar humidity and temperature, and NO_STUDENT_DAY status; this status consistently correlates with 0 waste for this item when BOGO deals, which were discounted from consideration for tomorrow, are absent from Shift_Notes."
TaroButterCreamBread,2026-06-27,0,6,6,7.5,"The prediction is primarily based on the 2026-06-18 entry due to its close match in weather (Broken Clouds), temperature (97/81 versus tomorrow's 91/81, with an identical low temperature), and humidity (0.51 versus 0.69) under 'NO_STUDENT_DAY' conditions; 'CaryHigh_ Status' showed no discernible consistent pattern in waste for this item across the data; and the 'Shift_Notes' from the matched row (""Absolutely dead in terms of foot traffic"") with no BOGO deal reinforced the potential for high waste."
UbeCreamDonut,2026-06-27,0,0,0,4.5,"Rows 2026-05-24, 2026-06-18, and 2026-06-26 were weighted highest due to their strong overall match in temperature, humidity, and 'Broken Clouds'/'Mostly Clear' weather descriptions on a NO_STUDENT_DAY; CaryHigh_Status showed no consistent correlation with waste for this item; and BOGO deals specifically on UbeCreamDonut (like 2026-06-05) were excluded as tomorrow has no such deal."
AlmondCroissant,2026-06-30,0,0,0,3.75,"The prediction of 0 is primarily driven by tracker rows 2026-05-16 and 2026-06-18, which most closely matched tomorrow's non-BOGO, NO_STUDENT_DAY context for temperature, humidity, and weather. `CaryHigh_ Status` as `NO_STUDENT_DAY` correlated with typically low (0 or 1) waste in relevant non-BOGO scenarios, while `Shift_Notes` indicating BOGO deals were discounted as tomorrow has no such promotion."
ButterCreamBread,2026-06-30,0,0,0,7.5,"The prediction prioritizes rows matching 'NO_STUDENT_DAY' without BOGO deals, with 2026-05-16 (Temp 88/84, Hum 0.27, Waste 0) being the closest temperature match; no strong school-status sensitivity was detected as zero waste occurred frequently across both school statuses; BOGO deals in Shift_Notes were discounted as tomorrow has no deal, making non-BOGO rows more representative of regular demand."
ChestnutPanBread,2026-06-30,0,2,2,7.5,"The prediction is primarily driven by the 2026-06-18 tracker row, which was a NO_STUDENT_DAY with a very similar humidity (0.51 vs tomorrow's 0.44) and a temperature range (97/81) inclusive of tomorrow's (90/84), and a waste count of 2. CaryHigh_ Status showed no strong correlation with waste, as both NO_STUDENT_DAY and REGULAR_SCHOOL_DAY periods had instances of zero and non-zero waste, suggesting its impact for this item is minimal given the small sample. Shift_Notes reporting BOGO deals were discounted because tomorrow has no deal, and the ""Absolutely dead in terms of foot traffic"" note on 2026-06-18 further supported the prediction of non-zero waste despite the minor difference in weather description."
ChocoCreamDonut,2026-06-30,0,0,0,4.5,"The prediction is driven primarily by tracker rows 2026-06-10 and 2026-05-16, as 2026-06-10 closely matched tomorrow's 'Passing Clouds' weather, temperature, and humidity, while 2026-05-16 had a very similar temperature and matched the 'NO_STUDENT_DAY' status; for this item, CaryHigh_Status showed no clear correlation with waste, and the absence of a BOGO deal for tomorrow led to discounting historically low waste counts on BOGO days, favoring non-BOGO days that predominantly showed zero waste under similar conditions."
ChocoFilledCookie,2026-06-30,0,0,0,3.25,"The prediction of 0 waste is driven by the consistent pattern observed across all six `NO_STUDENT_DAY` shifts that did not feature a BOGO deal, each recording 0 leftover count. CaryHigh_ Status showed a clear correlation, with `NO_STUDENT_DAY` yielding 0 waste when no BOGO was present, contrasting with `REGULAR_SCHOOL_DAY` (OPEN) shifts that showed variable waste (0 to 10) even without BOGO. Shift_Notes detailing BOGO deals were discounted as per instructions since tomorrow has no such deal, reinforcing the reliability of the 0 waste observations on non-BOGO, `NO_STUDENT_DAY` shifts."
CreamCheeseTart,2026-06-30,7,0,7,3.5,"The prediction is driven by row 2026-05-16, which most closely matches tomorrow's temperature (88/84 vs 90/84), humidity (0.27 vs 0.44), weather (Scattered Clouds vs Passing Clouds), and NO_STUDENT_DAY status, all without a BOGO deal; `CaryHigh_ Status` on `NO_STUDENT_DAY` showed variable waste, but the closest matches were zero; `Shift_Notes` with BOGO deals on this item were discounted as instructed, while other non-BOGO observations for this item under similar conditions also supported low waste."
CurryCroquette,2026-06-30,3,0,3,3.5,"The prediction is based on rows 2026-05-16, 2026-06-17, 2026-06-18, and 2026-06-25, which all had 0 waste under similar NO_STUDENT_DAY conditions and moderate temperatures; CaryHigh_ Status correlation is ambiguous, but the absence of BOGO deals in Shift_Notes for tomorrow removes factors that previously suppressed or increased waste."
JalapenoCheeseCroissant,2026-06-30,0,0,0,4.25,"The prediction heavily weighted the 2026-05-16 row for its precise alignment in temperature, school status (NO_STUDENT_DAY), and absence of specific shift notes like BOGO deals or unusual traffic; CaryHigh_ Status did not reveal a consistent waste pattern for this item, and BOGO deals in other rows were disregarded as tomorrow has no such promotion."
KimchiCroquette,2026-06-30,0,6,6,3.5,"The prediction is primarily driven by the 2026-06-18 shift, which had the closest matching temperature (97/81 vs 90/84), humidity (0.51 vs 0.44), and similar weather (Broken Clouds vs Passing Clouds) under NO_STUDENT_DAY status; CaryHigh_ Status for NO_STUDENT_DAY typically shows higher waste variability than REGULAR_SCHOOL_DAY, and Shift_Notes indicating BOGO deals for Kimchi Croquette were discounted as tomorrow has no such deal, while the ""Absolutely dead"" note for 2026-06-18 suggests 6 units can be leftover even on slow days."
MangoCreamDonut,2026-06-30,0,0,0,4.5,"The prediction is based on the closest matching non-BOGO rows (2026-05-16, 2026-06-17, 2026-06-18) which consistently showed zero waste under similar NO_STUDENT_DAY, temperature, humidity, and weather conditions, indicating no strong school-status sensitivity for waste with BOGO deal rows discounted due to absence of deals tomorrow."
MilkCreamBread,2026-06-30,5,8,3,3.5,"The prediction is primarily based on the 2026-06-25 shift, which had nearly identical temperature (88/84F vs 90/84F) and humidity (0.46 vs 0.44) on a NO_STUDENT_DAY, showing 7 waste with a BOGO on MilkCreamBread, implying higher waste without the deal; this is further supported by the 2026-06-13 shift (8 waste on a NO_STUDENT_DAY with no MilkCreamBread BOGO under similar, albeit slightly higher, temperatures and humidity)."
MontBlancPastry,2026-06-30,0,0,0,6.0,"The prediction is driven by Rows 1 and 2, which share similar weather and temperature conditions to tomorrow without BOGO deals, both resulting in 0 waste; `NO_STUDENT_DAY` shifts without BOGO deals consistently show predominant 0 waste for this item; and BOGO deals in Shift_Notes were discounted as they artificially suppress waste."
MorningBread,2026-06-30,0,0,0,6.75,"The prediction of 0 is primarily driven by row 2026-05-16, which closely matches tomorrow's temperature, weather, and NO_STUDENT_DAY status without a BOGO deal; while higher waste counts on other NO_STUDENT_DAY shifts were consistently tied to explicit 'Absolutely dead' traffic notes which are not present for tomorrow."
PlusMilkRoll,2026-06-30,4,0,4,6.5,"The prediction of 0 waste is primarily based on all historical NO_STUDENT_DAY shifts that also had no BOGO deals (2026-05-16, 2026-05-23, 2026-05-24, 2026-06-17, 2026-06-18, 2026-06-23) consistently showing 0 PlusMilkRoll waste, with 2026-05-16 offering the closest temperature match. CaryHigh_ Status showed a correlation of 0 waste for all NO_STUDENT_DAY shifts without BOGO deals, while OPEN days sometimes recorded waste of 1, indicating lower waste on NO_STUDENT_DAY. Shift_Notes confirmed PlusMilkRoll was never part of a BOGO deal, and discounting all days with any BOGO deal as per instructions, the remaining shifts without BOGO deals overwhelmingly had 0 waste."
RedBeanBread,2026-06-30,3,8,5,3.25,"The prediction is primarily driven by the 2026-05-16 entry, which shared the most similar temperature, weather, and `NO_STUDENT_DAY` status, and lacked any BOGO deals or unusual traffic notes comparable to tomorrow; `CaryHigh_ Status` did not show a strong, consistent correlation with RedBeanBread waste due to its high unpredictability across both statuses, and `Shift_Notes` with BOGO deals were discounted as tomorrow has no deal."
RedBeanMilkCreamBread,2026-06-30,0,4,4,3.5,"The prediction of 4 units is primarily driven by the 2026-06-13 row, which had a very similar humidity (0.38 vs. tomorrow's 0.44) and comparable weather on a NO_STUDENT_DAY, despite slightly higher temperatures than tomorrow's forecast; CaryHigh_ Status showed NO_STUDENT_DAYs have higher and more unpredictable waste counts than REGULAR_SCHOOL_DAYs; and Shift_Notes indicating BOGO deals for this item were discounted as tomorrow has no such deal."
StrawberrySoftBread,2026-06-30,5,0,5,4.25,"The prediction is driven by tracker rows on 'NO_STUDENT_DAY' without BOGO deals, particularly 2026-05-16 and 2026-06-18 which closely matched tomorrow's temperature and humidity conditions, both yielding 0 waste; 'NO_STUDENT_DAY' status consistently correlated with 0 or 1 waste for this item, suggesting lower demand or better sales on such days, and the absence of BOGO deals removed any artificial suppression of waste."
TaroButterCreamBread,2026-06-30,0,6,6,7.5,"The prediction is primarily driven by Row 18 (2026-06-18), which exhibited the most similar combination of high temperature, high humidity (0.51 vs tomorrow's 0.44), 'Broken Clouds' weather (similar to 'Passing Clouds'), and 'NO_STUDENT_DAY' status without a BOGO deal. No strong, consistent correlation was found between 'CaryHigh_ Status' and waste for non-BOGO days, as varying waste counts were observed for both 'OPEN' and 'NO_STUDENT_DAY' statuses; rows with BOGO deals in 'Shift_Notes' were discounted as tomorrow has no such deal."
UbeCreamDonut,2026-06-30,0,0,0,4.5,"The prediction of 0 is primarily driven by the closest matching row (2026-05-16), which featured similar temperature (88/84 vs 90/84), similar weather (Scattered Clouds vs Passing Clouds), matching NO_STUDENT_DAY status, and no BOGO deals, resulting in zero waste. CaryHigh_ Status for NO_STUDENT_DAY did not consistently correlate with higher waste for this item; while the highest waste counts occurred on NO_STUDENT_DAYs, they were under extreme temperature or high humidity conditions not present tomorrow, or involved BOGO deals. Shift_Notes indicating BOGO deals were discounted as tomorrow has no deal, and notes about ""absolutely dead"" traffic were given less weight as they might artificially suppress waste for similar conditions."
StrawberryCreamCroissant,2026-06-30,0,0,0,5.55,"The prediction of 0 waste is primarily based on rows 2026-05-16, 2026-06-17, and 2026-06-18, which had the most similar NO_STUDENT_DAY status and environmental conditions (high temperature, similar humidity and weather) to tomorrow without BOGO deals; CaryHigh_ Status showed no significant correlation with waste for this item in non-BOGO scenarios, and BOGO deals in Shift_Notes were discounted as they artificially suppress waste."
ButterCreamBread,2026-07-02,0,0,0,7.5,"The prediction of 0 waste is primarily driven by the closest historical match (2026-06-07), which shared tomorrow's exact temperature and NO_STUDENT_DAY status, resulting in 0 waste; this item showed no consistent school-status sensitivity, and Shift_Notes indicating no BOGO for ButterCreamBread on key similar days allowed for a direct interpretation of observed waste."
ChocoCreamDonut,2026-07-02,0,1,1,4.5,"The prediction of 1 leftover is based on an average of the most contextually similar tracker entries: 2026-06-07 (exact temperature match, 0 waste), 2026-06-30 (exact weather and very close humidity, 0 waste), and 2026-06-18 (exact high temperature match with no BOGO, 2 waste). CaryHigh_ Status showed no consistent correlation with higher or lower waste for this item. Shift_Notes indicated that BOGO deals on other items did not directly suppress ChocoCreamDonut waste, and notes detailing ""absolutely dead"" or ""sluggish"" traffic frequently correlated with non-zero waste counts (e.g., 2026-06-18 waste of 2), while ""busy"" days (e.g., 2026-06-07, 2026-06-30) often resulted in 0 waste."
ChocoFilledCookie,2026-07-02,2,0,2,3.25,"The 0 waste prediction is primarily based on rows like 2026-06-30 (non-BOGO, similar conditions) and 2026-06-07 (BOGO, exact temperature match), where ChocoFilledCookie waste was 0; the item shows strong sensitivity to CaryHigh_ Status with virtually no waste on NO_STUDENT_DAYs, and BOGO deals in Shift_Notes were discounted given tomorrow has no deal."
CurryCroquette,2026-07-02,0,2,2,3.5,"The prediction of 2 is driven primarily by the 2026-06-07 row, which matches tomorrow's exact high temperature (97/93F) on a NO_STUDENT_DAY, with comparable weather and no CurryCroquette BOGO; CaryHigh_ Status for NO_STUDENT_DAY generally correlates with higher and more unpredictable waste counts for this item; rows with BOGO deals on Curry Croquette were discounted as these artificially suppressed waste."
JalapenoCheeseCroissant,2026-07-02,1,4,3,4.25,"The prediction is based on row 2026-06-17, which had the closest overall temperature profile (93/90°F vs tomorrow's 97/93°F and narrow range), similar weather, was a NO_STUDENT_DAY (a status correlated with higher waste for this item), and had no BOGO deal, making it the most analogous match when discounting BOGO rows as instructed."
MangoCreamDonut,2026-07-02,0,0,0,4.5,"The prediction of zero waste is primarily driven by strong matches in historical data, specifically 2026-06-07, 2026-06-13, and 2026-06-30, all of which had very similar temperature, humidity, and weather conditions, as well as 'NO_STUDENT_DAY' status as tomorrow, and resulted in 0 waste. The 'CaryHigh_ Status' for this item did not show a clear correlation with waste, as zero waste was common across both school statuses, and Shift_Notes indicating BOGO deals for other items did not affect this item's sales."
MilkCreamBread,2026-07-02,0,5,5,3.5,"The prediction was primarily driven by the 2026-06-30 tracker row, which closely matched tomorrow's exact weather (""Passing Clouds"") and very close humidity (0.44 vs. 0.42); CaryHigh_ Status on NO_STUDENT_DAY generally correlated with 0 waste for this item unless demand was noted as ""weirdly busy"" (leading to 5 waste) or there was a BOGO deal, which was discounted for tomorrow's no-deal scenario."
MontBlancPastry,2026-07-02,0,0,0,6.0,"The prediction was driven by rows like 2026-06-30, 2026-06-18, and 2026-06-17, which closely matched tomorrow's 'NO_STUDENT_DAY' status, no BOGO deal, and similar weather, temperature, and humidity, consistently showing 0 waste; MontBlancPastry exhibited low waste regardless of CaryHigh_ Status without BOGO deals, while BOGO deals in Shift_Notes were disregarded as tomorrow has no such promotion."
MorningBread,2026-07-02,0,2,2,6.75,"The prediction is primarily driven by the 2026-06-18 tracker row, which closely matches tomorrow's very high temperature, similar humidity, and cloudy conditions, resulting in 2 units of waste when there was no BOGO deal and ""Absolutely dead in terms of foot traffic."" Waste for this item is consistently low regardless of CaryHigh_ Status, but all non-BOGO waste counts greater than zero occurred on NO_STUDENT_DAYs; BOGO deals in Shift_Notes artificially suppressed waste, leading to an upward adjustment for tomorrow's forecast due to the absence of a deal."
PlusMilkRoll,2026-07-02,0,4,4,6.5,"Row 2026-06-30 provided the closest context match for tomorrow's 'Passing Clouds' weather, 0.44 humidity (vs 0.42 tomorrow), and 'NO_STUDENT_DAY' status, resulting in 4 units of waste. CaryHigh_ Status showed no consistent correlation with waste for this unpredictable item; however, the highest waste occurred on a NO_STUDENT_DAY. Shift_Notes with BOGO deals were discounted because tomorrow has no such deal, preventing artificial suppression of the waste estimate."
StrawberrySoftBread,2026-07-02,0,5,5,4.25,"The prediction is primarily driven by the 2026-06-30 (Tuesday) tracker row, which closely matches tomorrow's ""NO_STUDENT_DAY"" status, ""Passing Clouds"" weather, and similar humidity (0.44 vs 0.42) without a BOGO deal. 'NO_STUDENT_DAY' status correlated with generally lower waste compared to 'OPEN' days, indicating school status sensitivity, while BOGO deals in Shift_Notes were discounted as tomorrow has no such deal."
UbeCreamDonut,2026-07-02,0,0,0,4.5,"The prediction is primarily based on three tracker rows (2026-06-07, 2026-06-18, 2026-06-30) which closely match tomorrow's high temperature, humidity, passing clouds weather, and NO_STUDENT_DAY status, all consistently resulting in 0 waste. CaryHigh_ Status did not show a consistent correlation with waste for this item; while the highest waste counts occurred on NO_STUDENT_DAYs, the most contextually similar NO_STUDENT_DAYs resulted in zero waste, and no BOGO deals on UbeCreamDonut for tomorrow led to discounting rows where such deals were present."
ButterCreamBread,2026-07-14,0,1,1,7.5,"The prediction of 1 unit of waste is primarily based on Row 21, which featured nearly identical weather, temperature, humidity, and NO_STUDENT_DAY status as tomorrow but required a BOGO deal to achieve zero waste, thus implying waste without such a deal; additionally, Row 19 on a NO_STUDENT_DAY without BOGO had 1 unit of waste despite different weather, supporting that CaryHigh_ Status alone does not prevent waste when Shift_Notes lack demand-boosting deals."
ChocoCreamDonut,2026-07-14,1,5,4,4.5,"The prediction is primarily driven by Row 21 (2026-06-25), which provided an exact match for humidity, weather, and school status, alongside a very close temperature match; CaryHigh_ Status did not exhibit a clear correlation with waste across the sample; the BOGO on other items in Row 21 resulted in an above-average waste count, indicating it did not artificially suppress ChocoCreamDonut waste to a low level and thus remained a relevant, high-weight data point despite tomorrow having no BOGO."
ChocoFilledCookie,2026-07-14,4,2,2,3.25,"The prediction is primarily driven by the 2026-07-02 row, a NO_STUDENT_DAY with very similar humidity (0.42 vs tomorrow's 0.46) and no BOGO deal, which resulted in 2 units of waste. CaryHigh_Status showed no clear direct correlation with waste direction for this item, as waste occurred on both NO_STUDENT_DAY and OPEN days. Shift_Notes indicating BOGO deals were discounted, and the ""weirdly busy"" note on 2026-07-02 provided a robust baseline for waste under non-extreme, non-BOGO conditions."
CurryCroquette,2026-07-14,0,0,0,3.5,"The prediction primarily weighted the 2026-06-25 and 2026-05-16 tracker rows due to their close environmental and school status match; while NO_STUDENT_DAY historically saw slightly higher waste than OPEN days, rows with BOGO deals on 'croquette' were discounted to avoid artificial waste suppression."
JalapenoCheeseCroissant,2026-07-14,0,0,0,4.25,"The prediction is primarily driven by the 2026-05-16 tracker row, which exhibited conditions (Temp 88/84, Scattered Clouds, NO_STUDENT_DAY, no special shift notes) most closely matching tomorrow's temperature (88/82), weather (Partly Sunny), and school status without any unusual events. CaryHigh_ Status showed a slightly higher average waste on NO_STUDENT_DAYs (0.86) compared to OPEN days (0.4) for non-BOGO, non-event shifts, but specific Shift_Notes such as BOGO deals, ""dead traffic,"" or ""weirdly busy"" were carefully considered and discounted as they indicate atypical demand scenarios not assumed for tomorrow."
MangoCreamDonut,2026-07-14,1,0,1,4.5,"The prediction is primarily driven by the 2026-06-25 tracker row, which presents an almost exact match for tomorrow's temperature, humidity, weather, and CaryHigh_Status, with MangoCreamDonut not subject to a BOGO deal, resulting in 0 waste. Most shifts, regardless of CaryHigh_Status, showed 0 waste for this item, indicating no direct correlation between school status and high waste. Shift_Notes were crucial in confirming when MangoCreamDonut was not part of BOGO deals, ensuring a direct comparison of waste under natural demand."
MilkCreamBread,2026-07-14,8,5,3,3.5,"The prediction of 5 is primarily based on the 2026-06-30 entry, which had nearly identical temperature (90/84 vs 88/82), humidity (0.44 vs 0.46), and similar weather (Passing Clouds vs Partly Sunny) on a NO_STUDENT_DAY, with no MilkCreamBread BOGO. CaryHigh_ Status correlation showed higher average and maximum waste on NO_STUDENT_DAYs compared to REGULAR_SCHOOL_DAYs, highlighting unpredictability. Shift_Notes indicated that BOGO deals artificially suppress waste, so rows with MilkCreamBread BOGO (e.g., 2026-06-25 with 7 waste) were discounted as less representative for tomorrow's no-deal scenario."
MontBlancPastry,2026-07-14,0,1,1,6.0,"The forecast of 1 is primarily based on tracker row 2026-06-23, as it is the only non-BOGO, NO_STUDENT_DAY shift with 'Partly Sunny' weather; while NO_STUDENT_DAY generally correlates with lower waste, the rule to discount BOGO deals in Shift_Notes (such as on the closely matching 2026-06-25) suggests waste would likely be greater than zero without such a promotion."
MorningBread,2026-07-14,0,1,1,6.75,"The prediction primarily considers the 2026-06-25 entry due to its exact matches in humidity, weather, and school status; however, the absent BOGO deal for tomorrow, combined with observed low-traffic `NO_STUDENT_DAY` entries like 2026-06-17 that showed waste, suggests a count of 1 as CaryHigh_ Status alone does not consistently correlate with waste."
PlusMilkRoll,2026-07-14,0,1,1,6.5,"The prediction is primarily driven by Row 21 (2026-06-25, Thursday) which had an exact match for weather (Partly Sunny), humidity (0.46), and school status (NO_STUDENT_DAY), and very close temperatures (88/84 vs 88/82), yielding 1 unit of waste. CaryHigh_ Status showed no clear correlation with higher or lower waste for this item, as both statuses exhibited generally low waste. Shift_Notes from Row 21 indicated BOGO deals were active for other items, not PlusMilkRoll, making the observed waste of 1 directly applicable to tomorrow's no-deal scenario for this specific item."
StrawberrySoftBread,2026-07-14,0,5,5,4.25,"The prediction of 5 units is primarily driven by the 2026-06-30 tracker row, which most closely matches tomorrow's temperature (90/84 vs 88/82) and humidity (0.44 vs 0.46) on a NO_STUDENT_DAY with no BOGO deal. While the 2026-06-25 row had an exact match for tomorrow's weather, humidity, and school status, its waste of 3 was ""artificially suppressed"" by a BOGO deal, suggesting tomorrow's non-BOGO waste would be higher than 3."
UbeCreamDonut,2026-07-14,1,0,1,4.5,"The prediction of 0 waste is primarily based on non-BOGO NO_STUDENT_DAY rows, like 2026-06-30 and 2026-05-16, which closely match tomorrow's weather, temperature, and humidity, and historically recorded zero waste, further supported by NO_STUDENT_DAY periods generally showing slightly lower waste than OPEN days after discounting BOGO deals."
